{"cameraMode":{"drawMode":0,"name":"Shaded","section":"Shading Mode"},"sceneLighting":true,"audioPlay":false,"sceneViewState":{"showFog":true,"showMaterialUpdate":false,"showSkybox":true,"showFlares":true,"showImageEffects":true,"showParticleSystems":true},"in2DMode":false,"pivot":{"x":-0.01495361328125,"y":8.514236450195313,"z":17.180675506591798},"rotation":{"x":0.4553499221801758,"y":-0.12478850781917572,"z":0.0646333247423172,"w":0.8791523575782776},"size":52.56969451904297,"orthographic":true}