{"cameraMode":{"drawMode":0,"name":"Shaded","section":"Shading Mode"},"sceneLighting":false,"audioPlay":false,"sceneViewState":{"showFog":true,"showMaterialUpdate":false,"showSkybox":false,"showFlares":true,"showImageEffects":true,"showParticleSystems":true},"in2DMode":false,"pivot":{"x":-1.673828125,"y":1.0042724609375,"z":6.355275630950928},"rotation":{"x":-0.005239743273705244,"y":-0.9887352585792542,"z":0.03561016917228699,"w":-0.14548106491565705},"size":11.481672286987305,"orthographic":true}