{"cameraMode":{"drawMode":0,"name":"Shaded","section":"Shading Mode"},"sceneLighting":false,"audioPlay":false,"sceneViewState":{"showFog":true,"showMaterialUpdate":false,"showSkybox":false,"showFlares":true,"showImageEffects":true,"showParticleSystems":true},"in2DMode":false,"pivot":{"x":2.8533215522766115,"y":2.5942301750183107,"z":1.5642411708831788},"rotation":{"x":-0.291504442691803,"y":-0.008036901243031025,"z":0.002451052190735936,"w":-0.9565337300300598},"size":6.753780841827393,"orthographic":false}